Super_Bowl_IV,1644
Bernie_Sanders,1635
Australia,1634
Caroline_Wozniacki,1634
LeBron_James,1633
John_Millman,1613
Joe_Rogan,1612
Doris_Miller,1610
Dracula_(2020_TV_series),1609
Canada,1601
Serena_Williams,1596
Chernobyl_disaster,1592
George_V,1582
"Citizenship_(Amendment)_Act,_2019",1574
Death_of_Caylee_Anthony,1574
List_of_highest-grossing_films,1571
Jim_Lehrer,1570
The_Two_Popes,1566
China,1564
Cats_(2019_film),1552
Ford_v_Ferrari,1551
Virat_Kohli,1546
"Prince_Andrew,_Duke_of_York",1545
TikTok,1534
Schitt's_Creek,1532
Ted_Bundy,1525
Freddie_Mercury,1525
Hakeem_Jeffries,1518
Lisa_Nandy,1517
Jeremy_Bamber,1517
Jeffrey_Epstein,1507
The_Voyage_of_Doctor_Dolittle,1500
The_Crown_(TV_series),1497
"Morbius,_the_Living_Vampire",1493
Steve_Jobs,1492
Andrew_Yang,1488
Renée_Zellweger,1487
Shooting_of_Corey_Jones,1486
J._R._R._Tolkien,1481
Google,1479
United_States_Space_Force,1478
Teddy_Sheringham,1464
Jumanji:_The_Next_Level,1463
Titans_(2018_TV_series),1461
Darrelle_Revis,1460
Green_Bay_Packers,1456
Frozen_II,1455
Manchester_United_F.C.,1451
Tanya_Reynolds,1449
Premier_League,1446
Library_Genesis,1445
Doordarshan,1443
The_New_Pope,1442
Saoirse_Ronan,1441
Good_Newwz,1432
Doria_Ragland,1432
List_of_presidents_of_the_United_States,1429
List_of_United_States_cities_by_population,1428
Facebook,1425
Tony_Ferguson,1422
Assassination_of_Martin_Luther_King_Jr.,1422
Bad_Boys_(1995_film),1406
Pamela_Anderson,1405
Princess_Alice_of_Battenberg,1405
Roger_Ailes,1405
Charlize_Theron,1403
Underwater_(film),1393
Mike_Shanahan,1393
2019–20_Australian_bushfire_season,1390
Star_Wars,1387
Terry_Gilliam,1386
Keanu_Reeves,1383
O._J._Simpson,1382
Roman_Polanski,1382
Aladdin_(2019_film),1381
The_Morning_Show_(American_TV_series),1377
Taika_Waititi,1375
Timothy_Evans,1373
Mixed_martial_arts_weight_classes,1373
Code_8_(2019_film),1370
List_of_Star_Wars_films,1370
Justin_Theroux,1370
Lily_Tomlin,1368
Thomas_Markle,1357
Wallis_Simpson,1348
Victoria_Pedretti,1346
Impeachment_of_Donald_Trump,1337
Jon_Jones,1336
Dean-Charles_Chapman,1328
Michael_Jackson,1326
"Mary,_Queen_of_Scots",1324
Tulsi_Gabbard,1323
Jagat_Prakash_Nadda,1322
Javier_Hernández,1318
Trevor_Engelson,1317
9-1-1:_Lone_Star,1312
Shabana_Azmi,1302
Street_Dancer_3D,1301
Al_Pacino,1301
HTTP_404,1293
Killer_Inside:_The_Mind_of_Aaron_Hernandez,1292
Jon_Peters,1291
Ryan_Tannehill,1283
Jay_Sekulow,1279
Wiki,1279
New_York_City,1277
Australian_Open,1277
Nora_Fatehi,1275
Null,1274
Chicago,1273
Rob_Gronkowski,1273
James_Doohan,1270
Antonio_Brown,1268
Succession_to_the_British_throne,1267
"Adama_Traoré_(footballer,_born_1996)",1266
Timeline_of_the_SARS_outbreak,1266
Queen_Elizabeth_The_Queen_Mother,1260
Peyton_Manning,1259
Richard_Sherman_(American_football),1258
Clark_Hunt,1257
Quentin_Tarantino,1251
Avengers:_Endgame,1251
Naomi_Scott,1247
Bad_Boys_II,1247
Impeachment_trial_of_Donald_Trump,1245
Disappearance_of_Kristin_Smart,1243
List_of_UFC_events,1243
Nancy_Pelosi,1240
Rashmika_Mandanna,1229
Bestgore.com,1227
"Camilla,_Duchess_of_Cornwall",1226
Megyn_Kelly,1222
"Louis_Mountbatten,_1st_Earl_Mountbatten_of_Burma",1215
2020_Summer_Olympics,1213
"Catherine,_Duchess_of_Cambridge",1212
Naomi_Osaka,1212
Elton_John,1210
Rafael_Nadal,1209
Weathering_with_You,1203
The_Marvelous_Mrs._Maisel,1199
Buzz_Aldrin,1198
Millennials,1196
Mackenzie_Davis,1194
Chilling_Adventures_of_Sabrina_(TV_series),1189
Frank_Abagnale,1188
Avenue_5,1179
Muhammad_Ali,1177
Rat_(zodiac),1172
Martin_Lawrence,1171
Curb_Your_Enthusiasm,1167
2012_Delhi_gang_rape,1167
XFL_(2020),1165
Netflix,1165
Michael_Jordan,1163
John_F._Kennedy,1157
Lionel_Messi,1150
David_Dobrik,1150
José_Eduardo_dos_Santos,1149
Kray_twins,1147
Morbius_(film),1147
Matt_LaFleur,1145
List_of_richest_people_in_the_world,1143
Richard_Jewell_(film),1142
The_Last_Full_Measure_(2019_film),1140
Jennifer_Lopez,1140
Ryan_O'Callaghan,1139
Isaac_Asimov,1136
Peaky_Blinders_(TV_series),1134
Vladimir_Putin,1132
Russia,1132
Godzilla:_King_of_the_Monsters_(2019_film),1131
Millie_Bobby_Brown,1128
Clint_Eastwood,1122
Taylor_Swift,1120
Sylvester_Stallone,1118
John_Roberts,1118
Singapore,1109
Selena_Gomez,1108
The_Masked_Singer_(British_TV_series),1107
Love_Aaj_Kal_(2020_film),1105
Floyd_Mayweather_Jr.,1102
Aleksei_Oleinik,1102
Pablo_Escobar,1102
Rick_and_Morty_(season_4),1102
Jason_Momoa,1100
Kamaru_Usman,1097
John_Cleese,1096
Global_warming,1093
Coronaviridae,1092
Mimi_Keene,1091
Elvis_Presley,1089
Gabriel_Martinelli,1088
Mufidah_Abdul_Rahman,1086
Abraham_Lincoln,1085
Super_Bowl_XLVI,1084
2017_Las_Vegas_shooting,1078
Zombieland:_Double_Tap,1077
Post_Malone,1076
Tom_Cruise,1076
2016_United_States_presidential_election,1074
Henry_VIII_of_England,1070
Rooney_Mara,1069
Manson_Family,1068
Tate–LaBianca_murders,1066
Ashleigh_Barty,1065
Meghan_Markle,1065
Super_Bowl_XXXI,1065
2020_United_States_presidential_election,1062
Johnny_Depp,1061
Walter_McMillian,1058
Black_Death,1058
Mikhail_Mishustin,1056
Amazon_(company),1056
Shivaji,1054
Neil_Peart,1053
Mehcad_Brooks,1050
Stephen_Hawking,1047
List_of_highest-grossing_Indian_films,1045
Darth_Vader,1045
Nick_Kyrgios,1045
William_Shakespeare,1044
Super_Bowl_LIII,1043
Frogmore_Cottage,1041
Akanksha_Puri,1041
Under-19_Cricket_World_Cup,1041
Elizabeth_Warren,1039
Academy_Awards,1038
Circles_(Mac_Miller_album),1038
Tyreek_Hill,1037
Dolly_Parton,1028
Tennessee_Titans,1026
Priyanka_Chopra,1024
Pantone_448_C,1023
Matthew_McConaughey,1022
Japan,1022
"Antony_Armstrong-Jones,_1st_Earl_of_Snowdon",1022
Edward_VII,1021
Tom_Hardy,1020
Stranger_Things,1018
Kedar_Williams-Stirling,1018