Main_Page,1021822
-,186413
Aaron_Hernandez,46580
Coronavirus,32192
Patrick_Mahomes,12895
1917_(2019_film),12579
Conor_McGregor,12328
Sex_Education_(TV_series),12222
Wikipedia,10680
Martin_Luther_King_Jr.,10533
Delonte_West,10330
Feminism,9288
Donald_Cerrone,9276
Murder_of_Odin_Lloyd,9225
Anna_May_Wong,9206
Parasite_(2019_film),8983
Bad_Boys_for_Life,8950
UFC_246,8807
Deaths_in_2020,8545
Sustainable_energy,8302
List_of_Super_Bowl_champions,8106
Tanhaji,8009
Terry_Jones,7907
"Meghan,_Duchess_of_Sussex",7742
Elizabeth_II,7497
"Prince_Harry,_Duke_of_Sussex",6597
Andy_Reid,6573
Media,6561
Crisis_on_Infinite_Earths_(Arrowverse),6491
Jimmy_Garoppolo,6491
Joker_(2019_film),6442
MBC_2_(Middle_East_and_North_Africa),6339
2019–20_outbreak_of_novel_coronavirus_(2019-nCoV),6129
Kansas_City_Chiefs,5904
Royal_Rumble_(2020),5821
Luka_Magnotta,5784
Jennifer_Aniston,5687
The_Witcher_(TV_series),5663
Music_to_Be_Murdered_By,5314
Raheem_Mostert,5235
Brad_Pitt,5191
Subhas_Chandra_Bose,5162
Aaron_Rodgers,5090
Once_Upon_a_Time_in_Hollywood,5014
Dolittle_(film),4774
Severe_acute_respiratory_syndrome,4752
"Charles,_Prince_of_Wales",4741
Star_Trek:_Picard,4660
Brooklyn,4514
"Princess_Margaret,_Countess_of_Snowdon",4344
Emma_Mackey,4338
"Prince_Philip,_Duke_of_Edinburgh",4236
Joaquin_Phoenix,4235
The_Outsider_(miniseries),4116
BBC_World_Service,4098
Eminem,4090
Novel_coronavirus_(2019-nCoV),4063
Kepler's_Supernova,4054
Khabib_Nurmagomedov,4014
Tim_Tebow,4013
Martin_Luther_King_Jr._Day,3986
San_Francisco_49ers,3971
Adam_Schiff,3954
You_(TV_series),3894
Star_Wars:_The_Rise_of_Skywalker,3868
Terminator:_Dark_Fate,3860
Wuhan,3809
XXXX,3785
Jimmy_Hoffa,3778
Super_Bowl_LIV,3750
Annabella_Sciorra,3732
Ala_Vaikunthapurramuloo,3700
Blue_Monday_(date),3695
2020_Australian_Open,3656
The_Irishman,3652
Betty_White,3651
Donald_Trump,3576
Super_Bowl,3529
"Diana,_Princess_of_Wales",3490
United_States,3479
Asa_Butterfield,3345
Stephen_Ward,3337
Billie_Eilish,3333
92nd_Academy_Awards,3322
Little_Women_(2019_film),3321
Pat_Mahomes,3309
Apple_Network_Server,3274
Gillian_Anderson,3220
Tanaji_Malusare,3200
Periodic_table,3193
Edward_VIII,3187
White_House_Farm_murders,3178
Kyle_Shanahan,3177
Jojo_Rabbit,3144
Nikola_Tesla,3120
Chronic_traumatic_encephalopathy,3104
Elon_Musk,3097
Sharon_Tate,3092
Laurence_Fox,3053
2019–20_Wuhan_coronavirus_outbreak,3035
Judy_Garland,3024
A_Fall_from_Grace,3007
Jeff_Bezos,2989
123Movies,2986
Ken_Miles,2986
Adam_Driver,2979
Dwayne_Johnson,2964
George_VI,2951
World_War_I,2944
The_Outsider_(King_novel),2885
Patrick_Stewart,2875
Erling_Braut_Håland,2861
2020_Australian_Open_–_Men's_Singles,2837
Ted_Kaczynski,2830
Mac_Miller,2816
Monty_Python,2810
Jorge_Masvidal,2786
The_Mandalorian,2725
Republic_Day_(India),2708
Henry_Cavill,2684
Isabel_dos_Santos,2682
YouTube,2664
Chinese_New_Year,2637
Connor_Swindells,2620
Aimee_Lou_Wood,2615
Rocky_Johnson,2604
Bombshell_(2019_film),2603
Chhapaak,2599
You_(season_2),2597
Bigg_Boss_(Hindi_season_13),2558
Ncuti_Gatwa,2542
Halsey_(singer),2541
Michael_Bloomberg,2533
Sex,2516
Liv_Tyler,2515
Greta_Thunberg,2509
2020_European_Men's_Handball_Championship,2499
Eli_Manning,2495
India,2480
James_Earl_Ray,2471
Richard_Jewell,2465
List_of_Bollywood_films_of_2020,2461
Robert_Downey_Jr.,2445
Angelina_Jolie,2431
Cristiano_Ronaldo,2404
The_Witcher,2387
Impeachment_of_Bill_Clinton,2379
Heath_Ledger,2366
Knives_Out_(film),2318
Mike_Vrabel,2297
Frank_Sheeran,2288
2020_Democratic_Party_presidential_primaries,2284
World_War_II,2277
"Anne,_Princess_Royal",2274
Holly_Holm,2265
Coca-Cola,2247
Crash_Landing_on_You,2246
Doomsday_Clock,2235
Awkwafina,2226
Robert_De_Niro,2226
Coco_Gauff,2225
Vanessa_Hudgens,2214
26th_Screen_Actors_Guild_Awards,2213
Florence_Pugh,2212
Midsommar_(film),2210
Super_Bowl_I,2188
Hugh_Laurie,2183
State_funeral,2182
Countdown_(2019_film),2177
Winston_Churchill,2149
"Prince_William,_Duke_of_Cambridge",2134
Ozzy_Osbourne,2124
Barack_Obama,2119
Roger_Federer,2119
Christine_Keeler,2103
Peter_Tordenskjold,2099
Sam_Mendes,2098
Tom_Brady,2086
Lamar_Hunt,2080
Rob_Lowe,2075
Leonardo_DiCaprio,2074
River_Phoenix,2070
Outlook.com,2056
Little_Women,2048
Derek_Jeter,2048
Just_Mercy,2042
The_Circle_(American_TV_series),2031
United_Kingdom,2027
List_of_Bollywood_films_of_2019,2016
Jerry_Rice,2003
Citizenship_Amendment_Act_protests,1996
Scarlett_Johansson,1994
List_of_Marvel_Cinematic_Universe_films,1993
Timothée_Chalamet,1990
Penn_Badgley,1977
Queen_Victoria,1975
David_Olney,1970
2020_Australian_Open_–_Women's_Singles,1963
F5_Networks,1956
Larry_Walker,1954
Pope_Francis,1953
John_Lynch_(American_football),1953
George_MacKay_(actor),1953
Margot_Robbie,1932
Jane_Fonda,1932
Battle_of_Sinhagad,1927
Will_Smith,1911
Sarileru_Neekevvaru,1909
Messiah_(American_TV_series),1903
Zion_Williamson,1902
Taal_Volcano,1901
Juice_Wrld,1893
Severe_acute_respiratory_syndrome-related_coronavirus,1892
Mahatma_Gandhi,1883
Graham_Chapman,1879
Impeachment_in_the_United_States,1876
Demi-Leigh_Nel-Peters,1856
Anya_Chalotra,1855
Hassan_Jameel,1852
Microsoft_Office,1849
The_Road_to_Wellville_(film),1842
The_Lighthouse_(2019_film),1836
Marriage_Story_(2019_film),1831
Joe_Montana,1829
Junior_Seau,1826
The_Gentlemen_(2019_film),1820
Charles_Manson,1816
Laura_Dern,1809
Uncut_Gems,1805
Alan_Dershowitz,1779
2020_Under-19_Cricket_World_Cup,1777
Adolf_Hitler,1769
Dan_Bilzerian,1769
Katie_Sowers,1768
List_of_epidemics,1761
Spanish_flu,1740
Archie_Mountbatten-Windsor,1729
"Prince_Edward,_Earl_of_Wessex",1726
Pope_Benedict_XVI,1720
XXXTentacion,1709
Grace_and_Frankie,1692
Harvey_Weinstein,1688
The_Turning_(2020_film),1686
The_Good_Place,1684
Darbar_(film),1661
Birds_of_Prey_(2020_film),1657
Zodiac,1655
Derrick_Henry,1651
Liverpool_F.C.,1651
Dan_Levy_(Canadian_actor),1646